ID,Age,Experience,Income,ZIPCode,Family,CCAvg,Education,Mortgage,PersonalLoan,SecuritiesAccount,CDAccount,Online,CreditCard
1,27,7,141.0,92319,3.0,1.1,1,0.0,0,0,0,0,1
2,57,36,115.0,94560,2.0,2.4,3,79.0,0,0,0,0,1
3,52,29,63.0,95823,4.0,0.8,2,0.0,0,0,0,0,0
4,42,17,115.0,94219,4.0,3.4,1,0.0,0,1,0,1,1
5,42,18,55.0,95521,3.0,1.5,1,0.0,0,0,0,1,1
6,61,37,61.0,90060,4.0,2.1,2,0.0,0,0,0,1,0
7,26,3,30.0,91023,3.0,0.6,1,0.0,0,0,0,0,1
8,54,34,68.0,93756,2.0,0.5,2,58.0,0,0,0,0,1
9,32,10,56.0,93243,3.0,2.2,2,51.0,0,0,0,1,1
10,27,2,27.0,90722,4.0,0.7,3,0.0,0,0,0,0,1
11,46,26,53.0,94310,4.0,2.2,1,0.0,0,0,0,1,0
12,66,41,52.0,90352,1.0,0.6,2,149.0,0,0,0,1,0
13,56,32,147.0,95944,3.0,0.8,1,0.0,1,0,0,0,0
14,57,36,89.0,90938,1.0,1.7,3,0.0,0,0,0,1,1
15,55,31,55.0,92672,3.0,1.7,3,0.0,0,0,0,1,1
16,58,33,63.0,94939,3.0,1.7,3,0.0,0,0,0,1,1
17,46,26,56.0,93084,2.0,2.8,2,0.0,0,0,0,1,1
18,28,8,49.0,94463,4.0,1.3,1,0.0,1,0,0,0,1
19,60,37,30.0,94221,4.0,1.0,3,0.0,0,0,0,0,0
20,43,18,50.0,95692,1.0,1.9,3,66.0,0,0,1,1,1
21,45,25,36.0,92783,1.0,0.2,1,219.0,0,0,0,1,0
22,39,16,27.0,95873,1.0,0.9,2,0.0,0,0,0,1,0
23,31,11,72.0,93100,4.0,1.7,2,0.0,0,0,0,1,0
24,64,41,68.0,95359,3.0,1.9,3,0.0,0,1,0,1,0
25,58,35,20.0,94395,3.0,0.2,2,0.0,0,0,0,1,0
26,51,31,51.0,90797,4.0,2.5,2,362.0,0,0,0,0,0
27,41,17,94.0,93861,4.0,5.3,2,0.0,0,0,0,1,0
28,60,35,98.0,95270,1.0,0.6,1,180.0,0,0,0,1,1
29,47,22,96.0,90770,1.0,3.7,1,0.0,0,0,0,1,0
30,42,22,56.0,95031,2.0,2.6,1,0.0,0,0,0,0,0
31,43,22,34.0,90632,2.0,0.7,3,72.0,0,0,0,1,0
32,33,12,30.0,95226,3.0,1.4,2,223.0,0,1,0,1,0
33,27,5,66.0,94733,1.0,2.6,2,0.0,0,0,0,0,0
34,47,27,67.0,90910,2.0,3.8,1,552.0,0,0,0,1,0
35,62,37,111.0,94358,1.0,6.5,1,110.0,0,0,0,0,1
36,25,1,100.0,90700,1.0,0.7,2,0.0,0,0,1,1,0
37,61,37,51.0,93408,1.0,1.5,1,0.0,0,0,0,0,1
38,60,39,28.0,95542,1.0,1.0,1,0.0,0,0,0,0,0
39,35,15,46.0,91235,3.0,0.6,3,355.0,0,0,0,1,1
40,51,26,62.0,91042,2.0,1.5,1,0.0,0,0,0,0,1
41,30,9,49.0,92537,2.0,2.9,1,513.0,0,0,0,1,0
42,57,34,,92211,2.0,0.2,2,586.0,0,0,0,0,0
43,54,29,63.0,90290,3.0,1.9,3,409.0,0,0,0,0,0
44,38,18,41.0,92735,4.0,2.1,1,413.0,0,0,0,0,0
45,26,6,39.0,91557,3.0,0.9,3,340.0,0,0,0,0,0
46,66,46,65.0,90746,3.0,2.0,3,234.0,0,0,0,1,0
47,43,23,44.0,91656,3.0,2.6,2,132.0,0,0,0,1,1
48,63,43,62.0,90123,3.0,1.9,2,0.0,0,0,0,1,1
49,53,29,63.0,95490,1.0,0.8,3,0.0,0,0,0,0,0
50,58,35,29.0,95964,4.0,0.2,2,503.0,0,0,0,0,0
51,57,32,42.0,92205,1.0,2.4,1,282.0,0,0,0,0,0
52,31,7,120.0,95259,2.0,2.4,2,0.0,0,0,0,1,0
53,39,14,29.0,92768,3.0,0.9,1,0.0,0,0,0,1,1
54,44,23,17.0,95474,2.0,0.2,1,0.0,0,0,0,0,0
55,45,24,20.0,91038,1.0,0.6,1,146.0,0,0,0,0,0
56,24,0,55.0,91707,4.0,3.1,1,0.0,0,0,0,1,0
57,47,26,56.0,94438,1.0,1.8,1,141.0,0,0,0,1,0
58,29,9,51.0,91320,1.0,3.0,2,412.0,0,0,0,1,0
59,56,32,106.0,94941,4.0,2.0,3,0.0,0,1,0,1,0
60,53,29,13.0,92555,3.0,0.4,1,0.0,0,0,0,0,0
61,64,39,68.0,92423,1.0,3.6,2,0.0,0,0,0,1,0
62,56,31,129.0,92719,4.0,3.8,2,0.0,0,0,0,1,1
63,39,19,29.0,94787,4.0,0.6,1,406.0,0,1,0,1,0
64,66,42,44.0,90033,1.0,2.3,1,72.0,0,0,0,1,1
65,41,16,36.0,94504,2.0,1.0,1,0.0,0,0,0,0,0
66,37,13,33.0,94675,2.0,1.1,1,0.0,0,0,0,1,0
67,63,39,46.0,94926,1.0,2.7,1,345.0,0,0,0,1,1
68,39,14,120.0,95980,1.0,1.8,1,0.0,0,0,0,1,0
69,26,4,150.0,94693,1.0,3.2,2,506.0,1,0,0,0,0
70,44,24,45.0,93172,1.0,0.3,1,584.0,0,0,0,0,0
71,58,36,156.0,92796,2.0,4.1,1,0.0,0,0,0,1,1
72,31,10,56.0,92329,2.0,0.9,1,400.0,0,0,0,0,1
73,43,23,143.0,94962,1.0,6.1,2,0.0,0,0,0,1,0
74,28,8,52.0,92356,2.0,0.8,1,0.0,0,0,0,1,0
75,53,29,59.0,93435,1.0,2.5,2,525.0,0,1,0,1,0
76,44,21,67.0,90576,4.0,1.3,1,204.0,0,0,0,0,0
77,37,14,314.0,91903,1.0,7.7,1,477.0,1,0,0,0,0
78,33,9,87.0,91596,4.0,2.1,3,0.0,0,0,0,1,0
79,48,25,37.0,92610,3.0,1.6,1,0.0,0,0,0,1,1
80,53,30,93.0,93012,4.0,2.9,1,0.0,0,1,0,1,0
81,65,45,45.0,94298,3.0,1.1,1,339.0,0,0,0,1,1
82,42,17,42.0,92591,2.0,2.2,3,0.0,0,0,0,1,0
83,30,8,90.0,90902,3.0,3.3,2,598.0,0,0,0,1,1
84,60,40,56.0,93270,2.0,0.9,2,0.0,0,0,0,0,0
85,51,27,64.0,90328,1.0,3.5,3,0.0,0,0,0,1,0
86,54,30,55.0,95094,2.0,1.3,1,0.0,0,0,1,0,0
87,27,7,66.0,94623,2.0,0.5,3,313.0,0,0,0,1,0
88,37,16,69.0,91351,1.0,2.2,1,322.0,0,0,0,1,0
89,57,37,19.0,91579,1.0,0.2,2,521.0,0,0,0,1,0
90,60,39,79.0,90165,4.0,1.4,2,0.0,0,0,0,0,0
91,42,22,32.0,92186,3.0,1.5,1,0.0,0,1,0,1,0
92,59,35,25.0,90229,2.0,0.3,3,300.0,0,0,0,1,1
93,60,37,53.0,95618,4.0,2.6,1,0.0,0,0,0,0,1
94,40,15,57.0,90805,1.0,3.2,3,0.0,0,0,0,0,0
95,63,39,37.0,93956,2.0,1.4,1,122.0,0,0,0,0,1
96,35,12,86.0,93422,4.0,3.8,2,269.0,0,0,0,1,0
97,33,10,26.0,91421,3.0,1.2,3,276.0,0,1,0,1,0
98,53,33,44.0,94849,2.0,2.6,1,0.0,0,0,0,0,1
99,51,31,40.0,90653,2.0,1.0,3,0.0,0,0,0,0,0
100,29,6,53.0,95320,1.0,0.7,2,0.0,0,0,0,0,0
101,60,40,64.0,94442,1.0,2.1,2,0.0,0,0,0,1,0
102,31,11,31.0,93810,1.0,1.1,1,0.0,0,0,0,1,0
103,59,38,81.0,95277,4.0,1.2,2,0.0,0,0,0,0,0
104,23,0,57.0,92418,3.0,2.2,2,0.0,0,0,0,0,0
105,58,36,19.0,91689,2.0,0.1,2,0.0,0,0,0,1,0
106,58,34,19.0,90927,4.0,1.1,1,0.0,0,0,0,0,0
107,58,36,54.0,95546,1.0,1.1,1,0.0,0,0,0,1,0
108,52,31,48.0,92408,1.0,0.3,3,0.0,0,0,1,1,0
109,44,22,52.0,94976,2.0,0.6,1,0.0,0,0,0,1,1
110,54,34,54.0,91994,4.0,1.0,2,0.0,0,0,0,0,1
111,35,11,62.0,95729,3.0,1.2,3,0.0,0,1,0,1,0
112,58,37,92.0,95220,4.0,0.6,1,0.0,0,0,0,1,1
113,48,26,30.0,91848,1.0,0.6,1,0.0,0,0,0,0,0
114,43,18,29.0,92920,4.0,0.5,2,0.0,0,0,0,1,0
115,45,22,30.0,94763,1.0,0.8,1,0.0,0,0,0,0,0
116,48,26,64.0,91357,1.0,1.7,2,0.0,0,1,0,1,0
117,24,1,108.0,90142,3.0,2.6,2,0.0,0,0,1,1,1
118,29,5,43.0,91732,1.0,1.0,2,425.0,0,0,0,0,1
119,34,13,14.0,93543,,0.1,1,0.0,0,0,0,0,0
120,28,5,21.0,90818,4.0,0.1,2,0.0,0,0,0,1,0
121,42,17,35.0,92000,3.0,0.6,2,0.0,0,0,0,0,0
122,53,30,,95511,2.0,1.9,1,0.0,0,1,0,0,0
123,52,30,44.0,90450,1.0,2.6,2,0.0,0,0,0,0,0
124,44,24,56.0,90302,3.0,3.1,3,0.0,0,0,0,0,1
125,61,40,46.0,92543,3.0,1.5,2,327.0,0,0,0,1,1
126,48,23,97.0,90077,4.0,3.3,2,0.0,0,0,0,1,1
127,26,3,38.0,90166,3.0,0.8,1,416.0,0,0,0,1,0
128,57,36,34.0,91097,1.0,1.6,1,0.0,0,0,0,1,0
129,48,26,71.0,90613,1.0,3.3,1,0.0,0,0,0,0,0
130,51,28,23.0,94865,4.0,1.2,1,0.0,0,0,0,1,1
131,48,25,68.0,90736,1.0,3.7,3,77.0,0,0,0,1,0
132,47,23,58.0,93140,4.0,1.7,1,66.0,0,0,0,1,0
133,27,6,50.0,94231,1.0,2.4,3,0.0,0,1,0,1,0
134,48,25,131.0,93755,3.0,6.5,1,0.0,0,0,0,1,1
135,58,36,39.0,93923,4.0,0.9,1,246.0,0,0,0,0,1
136,36,11,170.0,92146,2.0,9.5,1,0.0,1,0,0,1,0
137,50,30,48.0,95333,1.0,0.5,1,589.0,0,0,0,1,0
138,24,4,27.0,90412,4.0,1.6,3,0.0,0,0,0,1,1
139,38,16,57.0,90643,1.0,2.7,3,449.0,0,0,0,0,0
140,42,19,30.0,95136,3.0,0.3,3,206.0,0,0,0,1,0
141,67,43,36.0,90410,4.0,1.5,1,89.0,0,0,0,1,0
142,32,10,68.0,91151,3.0,0.5,3,0.0,0,0,0,1,0
143,35,10,74.0,91039,1.0,3.5,1,0.0,0,0,1,1,0
144,41,19,39.0,90198,4.0,1.9,3,0.0,0,0,0,0,1
145,67,47,94.0,90702,1.0,3.6,2,0.0,0,0,0,0,0
146,61,41,103.0,93436,3.0,5.4,1,460.0,0,0,0,0,0
147,24,0,120.0,93967,3.0,1.2,1,473.0,0,0,0,0,0
148,33,13,73.0,90499,2.0,1.5,1,448.0,0,0,0,1,0
149,59,34,116.0,95654,2.0,3.2,1,0.0,0,0,0,1,0
150,25,4,19.0,90574,1.0,0.1,3,437.0,0,0,0,1,0
151,61,41,46.0,94122,4.0,1.4,3,0.0,0,0,0,1,0
152,35,14,34.0,94802,1.0,0.7,3,183.0,0,0,0,1,0
153,64,41,58.0,93124,2.0,1.5,1,201.0,0,0,0,1,0
154,36,14,40.0,92949,3.0,1.1,2,497.0,0,1,0,1,0
155,42,18,50.0,90654,3.0,2.7,1,138.0,0,0,0,1,0
156,52,29,154.0,91449,3.0,3.1,2,0.0,0,0,0,0,0
157,28,6,50.0,95103,3.0,2.7,1,0.0,0,0,0,0,0
158,48,25,69.0,92091,3.0,2.0,1,70.0,0,0,0,0,0
159,45,20,48.0,90206,4.0,1.1,2,0.0,0,0,0,1,1
160,58,36,57.0,94375,2.0,1.9,1,0.0,0,0,0,1,0
161,67,47,55.0,94101,4.0,1.5,2,0.0,0,0,0,0,1
162,52,30,70.0,90398,4.0,1.3,2,0.0,0,0,0,0,0
163,41,16,104.0,90306,4.0,3.4,1,0.0,1,0,0,1,1
164,41,20,135.0,90698,4.0,1.8,3,0.0,0,0,0,1,0
165,41,16,65.0,90305,4.0,1.6,2,0.0,0,0,0,1,0
166,59,36,76.0,93697,1.0,2.7,3,0.0,0,0,0,0,0
167,37,14,29.0,90795,4.0,0.8,2,0.0,0,0,0,0,0
168,30,9,52.0,93641,3.0,2.6,3,93.0,0,0,1,1,1
169,38,13,92.0,91056,2.0,1.8,3,0.0,0,1,0,1,1
170,24,4,88.0,95834,3.0,5.1,3,0.0,0,1,0,1,0
171,27,6,61.0,94355,2.0,2.9,2,423.0,0,0,0,1,0
172,27,5,89.0,92247,3.0,5.2,1,0.0,0,0,0,0,0
173,57,35,72.0,92572,4.0,3.7,1,0.0,0,0,1,1,0
174,55,33,106.0,90390,1.0,1.4,2,590.0,1,0,0,1,1
175,54,34,64.0,90329,2.0,2.2,1,0.0,0,0,0,1,0
176,43,22,45.0,93225,4.0,0.6,1,0.0,0,0,0,0,1
177,55,35,66.0,90136,2.0,3.3,1,0.0,0,0,0,1,0
178,30,7,11.0,93830,4.0,0.4,2,552.0,0,1,0,1,1
179,63,41,67.0,92294,1.0,1.3,1,404.0,0,0,0,0,0
180,45,22,8.0,90837,3.0,0.4,2,0.0,0,0,0,0,0
181,65,42,21.0,93214,4.0,0.2,3,179.0,0,0,0,0,1
182,29,5,70.0,93317,4.0,2.5,3,323.0,0,0,0,0,0
183,45,22,71.0,94477,1.0,3.2,1,451.0,0,0,0,1,0
184,54,31,29.0,91186,4.0,0.2,2,161.0,0,0,0,0,0
185,45,22,37.0,93284,2.0,1.4,2,0.0,0,1,0,0,0
186,43,20,116.0,95068,2.0,5.8,2,0.0,0,0,0,1,1
187,30,7,,91619,2.0,0.4,2,0.0,0,0,0,0,1
188,40,19,187.0,95010,3.0,6.2,1,0.0,1,0,0,1,0
189,33,12,,94340,3.0,1.1,3,0.0,0,0,1,1,1
190,36,12,68.0,92577,2.0,2.8,1,269.0,0,0,0,1,0
191,53,31,133.0,95299,1.0,1.5,3,393.0,0,0,0,1,1
192,51,28,59.0,95800,4.0,3.3,2,558.0,0,0,0,0,0
193,50,29,31.0,91421,1.0,1.7,1,593.0,0,0,0,1,0
194,39,17,51.0,95878,1.0,0.8,3,408.0,0,0,0,1,0
195,66,43,54.0,90014,3.0,1.2,1,435.0,0,0,0,1,0
196,26,3,26.0,90775,2.0,1.0,3,227.0,0,0,0,1,0
197,38,15,47.0,90259,3.0,2.1,2,0.0,0,0,1,1,0
198,28,6,36.0,92206,4.0,1.1,1,0.0,0,0,0,1,0
199,38,13,91.0,95621,1.0,1.2,1,0.0,0,0,0,0,0
200,66,43,56.0,93601,2.0,0.6,3,0.0,0,0,0,0,0
201,39,15,47.0,93699,3.0,2.8,1,0.0,0,0,0,1,0
202,63,39,52.0,90509,4.0,1.6,3,217.0,0,0,0,0,0
203,45,22,62.0,93096,3.0,3.3,3,0.0,0,0,0,0,1
204,54,29,77.0,92295,2.0,2.4,2,307.0,0,0,0,0,0
205,43,23,32.0,92876,3.0,1.8,1,0.0,0,1,0,1,1
206,34,9,31.0,91567,4.0,0.3,2,0.0,0,0,0,1,1
207,57,32,100.0,91209,2.0,1.1,3,0.0,1,0,0,0,0
208,66,43,44.0,95712,4.0,2.5,1,352.0,0,0,0,1,0
209,34,10,25.0,93350,4.0,1.4,1,0.0,0,0,0,1,1
210,58,35,70.0,92469,2.0,1.6,1,0.0,0,0,0,0,1
211,34,13,70.0,90442,1.0,1.7,1,0.0,0,0,0,1,0
212,55,31,24.0,94576,4.0,0.7,3,0.0,0,0,0,0,1
213,58,37,62.0,92835,1.0,1.7,2,0.0,0,0,0,1,1
214,43,22,82.0,92320,2.0,1.3,2,545.0,1,0,0,0,0
215,56,33,67.0,94001,1.0,3.6,1,0.0,0,0,0,1,1
216,35,10,77.0,90790,3.0,1.5,1,0.0,0,1,0,1,0
217,26,4,25.0,93199,2.0,1.1,1,517.0,0,0,1,0,1
218,27,5,66.0,95178,3.0,0.6,3,232.0,0,0,0,1,1
219,43,23,46.0,92783,4.0,0.3,2,0.0,0,0,0,0,0
220,63,43,42.0,90002,4.0,1.7,1,0.0,0,0,0,0,0
221,28,8,88.0,91379,4.0,2.1,3,0.0,0,0,0,1,0
222,43,23,123.0,90335,1.0,5.0,1,0.0,0,0,0,1,1
223,54,29,146.0,93001,2.0,1.5,1,0.0,0,0,0,0,0
224,32,7,113.0,92186,1.0,6.5,1,0.0,0,0,0,0,1
225,55,31,51.0,90794,4.0,2.4,3,407.0,0,0,0,0,0
226,36,16,66.0,94121,3.0,3.5,2,0.0,0,0,0,1,0
227,59,39,83.0,91059,2.0,1.0,2,0.0,0,0,0,0,1
228,49,28,58.0,92050,3.0,1.3,1,429.0,0,0,0,1,0
229,47,24,59.0,95926,3.0,1.5,1,0.0,0,0,0,0,0
230,30,8,,90397,2.0,3.0,2,172.0,0,0,0,1,0
231,43,21,53.0,91486,2.0,1.1,1,0.0,0,0,0,1,0
232,61,40,37.0,91907,1.0,0.3,3,0.0,0,0,0,0,0
233,23,0,43.0,93052,2.0,1.1,3,0.0,0,0,0,0,0
234,57,36,77.0,91469,2.0,1.5,2,0.0,0,0,0,1,0
235,45,25,55.0,95820,4.0,1.4,3,0.0,0,0,0,0,0
236,55,31,66.0,90032,4.0,1.0,3,0.0,0,0,0,1,0
237,52,27,79.0,95688,4.0,1.5,2,0.0,0,0,0,1,0
238,42,22,44.0,93208,1.0,1.7,2,0.0,0,0,0,1,0
239,36,14,83.0,90229,4.0,2.2,3,221.0,0,1,0,1,1
240,51,27,67.0,90699,2.0,1.6,1,305.0,0,0,0,1,0
241,29,5,28.0,90618,2.0,1.0,3,0.0,1,0,0,1,0
242,49,24,121.0,91724,4.0,5.7,1,491.0,0,1,0,1,0
243,27,5,41.0,91998,4.0,1.1,2,0.0,0,0,0,0,1
244,52,30,22.0,93847,1.0,0.8,3,0.0,0,0,0,0,1
245,51,27,31.0,91867,2.0,1.8,2,0.0,0,0,1,0,1
246,26,6,31.0,94350,3.0,1.0,2,529.0,0,0,0,1,1
247,57,36,56.0,91762,3.0,3.1,2,0.0,0,0,0,0,0
248,41,18,47.0,91580,2.0,2.3,1,0.0,0,1,0,1,1
249,58,34,45.0,91652,3.0,0.4,1,0.0,0,0,0,0,0
250,24,4,77.0,91975,4.0,2.2,1,136.0,0,0,0,1,1
251,31,8,66.0,95026,1.0,2.9,2,0.0,0,0,0,1,1
252,45,23,65.0,91481,3.0,3.9,2,554.0,1,0,0,1,1
253,31,8,68.0,91639,3.0,2.1,1,0.0,0,0,0,0,0
254,37,12,77.0,95741,4.0,0.8,3,96.0,0,0,0,0,1
255,52,32,17.0,93922,2.0,0.6,1,0.0,0,0,1,0,0
256,29,4,45.0,91143,1.0,0.5,2,275.0,0,0,0,0,0
257,53,31,16.0,95209,3.0,0.7,1,0.0,0,0,0,0,0
258,27,3,56.0,91099,3.0,1.8,1,237.0,0,0,0,1,0
259,30,8,54.0,90972,2.0,2.4,3,0.0,0,0,0,0,0
260,49,28,97.0,92670,4.0,5.1,2,0.0,1,0,0,1,0
261,58,34,105.0,94147,4.0,4.2,1,0.0,0,0,0,1,0
262,30,6,61.0,91135,1.0,2.4,3,219.0,0,0,0,1,0
263,36,16,41.0,94519,4.0,1.9,3,69.0,0,0,0,0,0
264,64,40,71.0,90940,1.0,3.6,3,205.0,0,0,0,0,0
265,67,43,41.0,94690,2.0,2.2,3,0.0,0,0,0,1,1
266,49,27,55.0,90575,1.0,0.4,3,0.0,0,0,0,1,0
267,43,18,94.0,92786,2.0,3.3,1,111.0,0,0,0,1,1
268,38,15,40.0,93841,4.0,0.7,2,0.0,0,0,0,0,0
269,50,28,85.0,91593,2.0,4.4,2,93.0,0,0,0,0,0
270,49,29,79.0,93672,3.0,3.2,1,0.0,0,0,0,1,0
271,36,12,32.0,94131,1.0,0.9,1,0.0,0,0,0,1,0
272,24,3,93.0,93900,3.0,1.4,1,0.0,1,0,0,1,0
273,29,5,80.0,92381,2.0,1.9,2,0.0,0,0,0,1,0
274,66,43,58.0,94639,3.0,2.5,3,0.0,0,0,0,1,0
275,41,19,36.0,94389,4.0,0.6,3,0.0,0,0,0,1,0
276,44,24,34.0,91958,3.0,0.3,1,241.0,0,0,0,1,0
277,44,20,41.0,94400,1.0,2.2,1,0.0,0,1,0,1,0
278,58,38,74.0,95510,2.0,3.5,2,0.0,0,0,0,0,1
279,25,3,32.0,94900,1.0,0.5,2,0.0,0,0,0,1,0
280,26,1,69.0,94399,2.0,1.5,3,451.0,0,0,0,1,0
281,35,10,28.0,94599,1.0,1.6,3,309.0,0,0,1,0,0
282,44,19,49.0,94828,3.0,2.2,3,0.0,0,0,1,0,0
283,53,28,58.0,91734,2.0,2.2,3,0.0,0,0,0,1,0
284,45,22,210.0,94325,1.0,4.6,3,0.0,1,0,0,1,0
285,42,21,26.0,91196,1.0,0.6,2,0.0,0,0,0,0,0
286,65,40,123.0,92150,4.0,0.9,1,0.0,0,0,0,1,0
287,30,6,59.0,95607,4.0,2.7,1,270.0,0,0,0,0,0
288,48,23,68.0,91698,4.0,0.5,1,0.0,0,0,0,1,0
289,47,24,58.0,95061,1.0,0.3,1,339.0,0,0,0,1,0
290,44,24,70.0,92535,2.0,3.2,1,477.0,0,0,0,1,1
291,59,36,50.0,91259,4.0,2.9,3,588.0,0,0,0,0,0
292,35,13,121.0,90582,3.0,5.6,1,0.0,0,0,0,1,0
293,65,40,42.0,93289,1.0,1.3,3,0.0,0,1,0,1,0
294,37,15,102.0,92707,1.0,3.2,3,0.0,0,0,0,1,1
295,47,26,38.0,93068,2.0,1.1,2,0.0,0,0,0,0,1
296,46,26,53.0,90258,4.0,1.2,2,0.0,0,0,0,1,1
297,61,36,30.0,91608,1.0,1.0,1,0.0,0,0,1,0,0
298,42,18,70.0,90023,4.0,2.0,2,0.0,0,0,0,0,0
299,35,15,121.0,91814,3.0,4.6,1,0.0,0,0,0,1,1
300,23,1,52.0,95588,4.0,2.8,3,0.0,0,0,0,0,0
301,39,17,49.0,90913,4.0,2.9,1,0.0,0,0,0,0,1
302,60,38,30.0,94136,2.0,0.3,1,0.0,0,0,0,1,0
303,23,0,48.0,90034,4.0,1.3,3,0.0,0,0,0,1,0
304,63,43,23.0,93371,1.0,0.3,2,0.0,0,0,0,1,0
305,47,26,33.0,95525,2.0,0.8,2,0.0,0,0,0,1,0
306,29,8,62.0,92046,1.0,1.3,2,157.0,0,0,0,1,1
307,36,15,113.0,91182,1.0,1.6,1,0.0,0,0,0,0,0
308,47,22,256.0,93423,1.0,12.0,2,0.0,1,0,0,0,0
309,37,12,40.0,91673,1.0,1.3,1,0.0,0,0,0,1,0
310,27,7,120.0,95349,1.0,6.7,1,0.0,0,0,0,1,1
311,52,29,62.0,95093,,0.4,1,296.0,0,0,0,1,0
312,53,32,50.0,93914,1.0,0.4,1,0.0,0,0,0,1,1
313,28,7,69.0,93834,1.0,1.9,1,197.0,0,0,0,1,1
314,35,14,56.0,93614,4.0,0.5,2,0.0,0,0,0,0,0
315,33,12,58.0,94411,1.0,1.1,1,89.0,0,0,0,0,1
316,52,30,44.0,92761,1.0,2.6,1,0.0,0,0,0,1,1
317,55,30,25.0,95818,1.0,0.4,2,0.0,0,0,0,0,0
318,55,32,23.0,92074,1.0,0.4,1,0.0,0,0,0,1,0
319,65,41,78.0,90053,3.0,2.9,2,383.0,0,0,0,0,0
320,57,35,47.0,94191,4.0,1.5,3,0.0,0,0,0,1,0
321,37,17,39.0,93973,3.0,1.4,2,0.0,0,0,0,1,0
322,27,7,55.0,95885,3.0,1.4,3,0.0,0,0,0,0,1
323,50,29,85.0,92371,1.0,4.3,1,0.0,0,0,0,1,0
324,64,43,60.0,92548,4.0,0.8,1,180.0,0,0,0,1,0
325,66,41,38.0,93372,1.0,1.1,3,0.0,0,0,0,1,0
326,33,8,107.0,92353,3.0,4.6,3,460.0,0,1,1,0,0
327,33,8,130.0,94709,2.0,6.9,3,425.0,1,0,0,0,0
328,24,1,72.0,92568,4.0,1.8,1,0.0,0,0,0,1,0
329,29,6,93.0,94701,2.0,3.4,3,0.0,0,0,0,1,0
330,47,24,108.0,92553,3.0,1.0,1,401.0,1,0,0,0,0
331,47,25,102.0,91350,2.0,1.5,1,165.0,0,0,1,1,0
332,39,15,77.0,95943,3.0,0.7,1,174.0,0,0,0,1,1
333,36,12,76.0,93158,4.0,3.4,3,479.0,0,0,0,0,0
334,60,36,73.0,94240,3.0,1.5,1,0.0,0,0,1,1,0
335,43,20,30.0,93547,2.0,1.3,3,89.0,0,0,0,0,0
336,59,39,80.0,92155,2.0,0.7,2,0.0,0,0,0,1,1
337,66,42,26.0,95832,3.0,1.4,3,294.0,0,0,0,0,0
338,37,15,35.0,92229,2.0,1.8,3,389.0,0,0,0,1,0
339,32,8,112.0,95958,1.0,1.1,3,0.0,0,0,0,1,0
340,65,42,,92584,2.0,0.5,1,111.0,0,0,0,1,0
341,51,26,124.0,90135,1.0,1.0,1,0.0,0,0,0,0,0
342,36,14,47.0,90220,1.0,2.4,2,0.0,0,0,0,0,0
343,50,25,29.0,95841,2.0,0.5,1,0.0,0,0,0,0,0
344,46,21,48.0,93166,4.0,1.7,1,0.0,0,1,0,1,1
345,63,42,58.0,92325,4.0,1.6,1,558.0,0,0,0,1,0
346,34,12,57.0,94868,2.0,2.8,1,0.0,0,0,0,0,1
347,67,44,102.0,93702,2.0,3.3,1,0.0,0,0,0,0,0
348,65,41,45.0,93963,1.0,1.5,1,0.0,0,0,0,1,0
349,31,7,66.0,94112,4.0,3.9,3,86.0,0,0,0,0,0
350,30,5,32.0,91190,1.0,0.4,1,0.0,0,0,0,1,0
351,46,24,,90529,4.0,3.5,3,326.0,0,0,0,1,0
352,25,2,55.0,94368,4.0,0.4,3,327.0,0,0,0,0,1
353,36,14,36.0,90130,3.0,1.1,1,0.0,0,1,0,1,0
354,42,17,48.0,94316,2.0,2.6,3,329.0,0,0,0,1,0
355,66,45,49.0,90779,4.0,2.0,2,291.0,0,0,0,1,0
356,67,44,47.0,91575,3.0,2.0,2,200.0,0,0,0,0,0
357,29,9,145.0,94246,3.0,2.8,1,0.0,0,0,0,1,0
358,63,38,52.0,93737,4.0,1.5,1,363.0,0,0,0,0,0
359,27,5,48.0,94689,4.0,1.2,1,0.0,0,0,0,1,0
360,56,34,17.0,93665,1.0,0.6,2,440.0,0,0,1,1,0
361,61,38,33.0,90287,4.0,1.0,3,0.0,0,0,0,1,0
362,63,41,47.0,95038,4.0,1.1,2,269.0,1,0,1,1,0
363,33,8,37.0,91294,1.0,0.8,3,0.0,0,0,0,1,0
364,63,40,117.0,90816,2.0,2.2,3,296.0,0,1,0,1,0
365,28,5,50.0,95271,4.0,1.3,2,53.0,0,0,0,0,1
366,46,26,111.0,91169,1.0,1.5,1,91.0,0,0,1,1,1
367,44,24,56.0,93216,2.0,3.0,3,287.0,0,0,0,0,0
368,37,15,56.0,92915,3.0,2.1,1,95.0,0,0,0,0,0
369,23,0,52.0,94617,3.0,0.6,1,0.0,0,0,0,1,1
370,57,32,55.0,90264,4.0,2.4,2,0.0,0,0,0,1,0
371,38,15,141.0,90640,1.0,7.3,3,220.0,1,0,0,1,0
372,52,29,15.0,92493,2.0,0.3,1,0.0,0,0,0,1,0
373,41,19,18.0,92839,4.0,0.2,2,0.0,0,0,0,1,0
374,39,18,40.0,94729,3.0,0.2,1,372.0,0,0,0,1,1
375,62,42,55.0,93634,1.0,0.4,1,0.0,0,0,0,1,1
376,27,5,80.0,90892,2.0,3.8,1,527.0,0,0,0,1,1
377,56,35,71.0,95873,2.0,4.2,3,225.0,0,0,0,0,1
378,56,35,44.0,92759,3.0,0.3,3,0.0,0,0,1,1,0
379,40,19,96.0,95787,2.0,4.4,1,0.0,0,0,0,1,1
380,34,14,96.0,95938,3.0,0.9,1,0.0,0,0,0,1,0
381,23,0,60.0,90310,2.0,2.3,1,0.0,0,0,0,0,0
382,65,40,93.0,93035,3.0,4.3,1,0.0,0,0,0,1,0
383,65,41,63.0,92532,1.0,1.6,2,201.0,0,0,0,1,0
384,33,11,40.0,92989,3.0,0.2,2,575.0,1,0,0,0,0
385,24,2,80.0,91859,4.0,3.0,2,224.0,0,0,0,1,0
386,28,7,58.0,93352,1.0,3.5,1,150.0,0,0,0,1,0
387,26,6,55.0,92953,2.0,1.1,2,153.0,0,0,0,1,0
388,60,37,123.0,91116,3.0,1.9,1,0.0,0,0,0,0,0
389,63,40,14.0,91731,3.0,0.2,1,513.0,0,0,0,0,0
390,29,9,25.0,90882,3.0,0.9,3,467.0,0,0,0,0,0
391,56,34,28.0,95061,3.0,1.1,3,0.0,0,0,1,1,0
392,31,10,45.0,94064,3.0,2.2,3,0.0,0,0,1,1,1
393,39,18,47.0,92325,3.0,2.2,3,0.0,0,0,0,1,0
394,49,25,24.0,92374,1.0,1.3,2,304.0,0,0,0,0,0
395,55,32,32.0,90474,4.0,1.6,3,0.0,0,0,0,0,0
396,62,39,34.0,91739,2.0,0.6,1,451.0,0,0,1,0,1
397,25,1,211.0,95546,1.0,7.5,1,0.0,1,0,0,1,0
398,31,6,147.0,90188,2.0,3.1,1,377.0,0,1,0,0,0
399,35,11,44.0,90876,2.0,1.0,1,290.0,0,0,0,0,0
400,36,13,45.0,95076,1.0,2.5,1,0.0,0,0,0,0,1
401,67,42,29.0,93121,4.0,1.2,1,335.0,0,0,0,0,1
402,57,35,19.0,90193,1.0,1.1,2,425.0,0,0,0,1,0
403,37,12,51.0,92938,2.0,1.4,3,0.0,0,0,0,0,0
404,66,42,32.0,94499,2.0,1.1,2,567.0,0,0,0,1,0
405,45,22,52.0,92070,4.0,1.7,1,0.0,0,0,0,1,0
406,45,20,23.0,92291,3.0,0.3,3,0.0,0,0,0,0,1
407,42,19,36.0,93787,4.0,0.6,1,180.0,0,0,0,0,1
408,29,5,59.0,93592,1.0,2.0,1,0.0,0,0,0,0,1
409,65,44,67.0,95417,4.0,0.6,1,347.0,0,0,0,1,1
410,23,0,69.0,91486,4.0,3.9,1,0.0,0,1,0,1,0
411,30,7,26.0,91656,2.0,0.3,1,443.0,0,0,0,1,1
412,33,9,87.0,90932,3.0,1.4,3,201.0,0,1,0,0,0
413,35,13,35.0,93989,1.0,1.6,3,416.0,0,0,0,0,0
414,28,3,77.0,93200,4.0,0.8,2,0.0,0,0,0,0,0
415,23,3,54.0,92081,4.0,2.9,1,0.0,1,0,0,1,0
416,53,33,26.0,94173,2.0,1.2,3,0.0,0,0,0,1,1
417,66,43,46.0,92260,3.0,0.4,2,0.0,0,0,1,0,1
418,28,4,67.0,91172,2.0,2.9,1,0.0,0,0,0,1,1
419,36,12,76.0,93239,1.0,3.0,2,0.0,0,0,0,0,1
420,45,23,51.0,92618,3.0,2.4,2,0.0,0,0,0,1,0
421,64,41,127.0,92432,3.0,6.4,2,0.0,0,0,0,1,0
422,54,31,95.0,92667,4.0,4.2,1,0.0,0,0,0,1,1
423,57,32,47.0,95485,4.0,1.8,2,0.0,0,0,0,0,0
424,49,26,82.0,91295,2.0,1.9,1,0.0,0,1,0,0,1
425,41,19,158.0,91654,4.0,6.8,1,233.0,1,0,0,0,0
426,31,6,160.0,93390,3.0,9.2,1,0.0,1,0,0,0,0
427,61,41,28.0,90280,3.0,1.0,3,91.0,0,0,0,1,0
428,59,34,33.0,90875,3.0,1.4,1,0.0,0,0,1,0,0
429,24,4,124.0,93398,4.0,3.6,1,0.0,1,1,0,0,1
430,55,34,31.0,93058,3.0,1.4,1,0.0,0,0,0,1,1
431,26,2,26.0,93916,1.0,1.6,3,0.0,0,0,0,0,0
432,56,32,42.0,90680,1.0,0.6,2,0.0,0,1,0,1,0
433,60,35,69.0,95123,2.0,1.1,3,201.0,0,0,0,1,0
434,28,4,52.0,92913,3.0,1.8,1,0.0,0,0,0,1,0
435,42,19,38.0,90930,3.0,1.2,1,0.0,0,0,0,0,0
436,28,6,38.0,91869,2.0,1.4,2,216.0,0,0,0,1,0
437,48,28,37.0,91364,3.0,0.3,1,126.0,0,0,0,1,0
438,64,44,34.0,92713,4.0,0.9,3,411.0,0,0,0,0,0
439,26,5,192.0,92816,2.0,7.1,3,0.0,1,0,0,1,0
440,40,20,64.0,92602,2.0,2.4,2,0.0,0,1,0,0,1
441,66,43,89.0,92766,3.0,3.7,3,0.0,0,1,0,0,0
442,36,12,42.0,95447,2.0,1.9,2,0.0,0,0,0,1,0
443,28,3,49.0,95754,4.0,2.0,1,0.0,0,0,0,1,0
444,44,22,37.0,92939,4.0,1.8,2,0.0,0,0,0,0,1
445,45,20,13.0,95778,3.0,0.5,1,0.0,0,0,0,1,1
446,52,27,26.0,94910,2.0,0.9,3,0.0,0,0,0,1,0
447,37,12,20.0,94919,3.0,0.8,1,305.0,0,0,0,0,0
448,66,44,16.0,91353,1.0,0.2,1,0.0,0,0,0,0,1
449,46,25,28.0,92630,2.0,0.6,2,0.0,0,0,0,0,0
450,35,10,113.0,92112,1.0,3.8,1,0.0,0,0,0,1,0
451,66,45,53.0,90578,1.0,2.8,1,0.0,0,0,0,0,1
452,64,42,111.0,90450,1.0,4.7,2,0.0,1,1,1,0,0
453,45,25,68.0,93734,3.0,0.7,1,199.0,0,0,0,0,0
454,24,0,84.0,92524,1.0,3.2,2,0.0,0,0,0,0,1
455,49,26,33.0,94954,3.0,0.6,1,414.0,0,0,0,0,0
456,47,27,73.0,94012,2.0,3.3,1,0.0,0,0,0,1,1
457,29,8,82.0,90511,2.0,4.1,1,211.0,0,0,0,1,0
458,51,28,40.0,95029,4.0,1.5,3,0.0,0,0,0,1,1
459,60,37,74.0,92976,3.0,2.8,3,0.0,0,0,0,1,1
460,27,3,75.0,93395,3.0,1.8,1,399.0,0,0,0,1,1
461,55,34,40.0,95794,3.0,1.2,3,0.0,0,0,1,1,0
462,29,4,29.0,93840,1.0,1.5,2,0.0,0,0,0,0,1
463,56,34,28.0,90133,1.0,1.3,2,0.0,0,0,0,1,1
464,41,17,57.0,91063,3.0,1.9,2,371.0,0,0,0,1,0
465,23,2,65.0,92558,4.0,1.6,2,336.0,0,0,0,1,0
466,66,46,35.0,90223,1.0,0.3,3,0.0,0,0,0,1,0
467,30,10,55.0,91004,1.0,0.7,2,0.0,0,0,0,0,1
468,49,27,75.0,94750,4.0,1.2,2,0.0,0,0,1,1,0
469,31,6,77.0,90856,4.0,2.0,1,263.0,0,0,0,1,0
470,64,44,128.0,91002,1.0,7.3,1,0.0,0,0,1,0,1
471,56,34,110.0,93028,2.0,3.6,2,0.0,0,0,1,1,1
472,59,39,31.0,90547,3.0,0.6,1,378.0,0,0,0,1,1
473,42,17,138.0,91534,1.0,1.5,1,0.0,0,0,0,0,0
474,44,20,41.0,95625,2.0,1.0,1,237.0,0,0,0,1,0
475,51,27,97.0,93788,2.0,4.8,1,0.0,0,1,0,0,0
476,58,34,57.0,95781,3.0,1.5,2,0.0,1,1,0,0,0
477,61,38,44.0,92125,2.0,2.1,2,0.0,0,0,0,0,1
478,23,0,20.0,93697,2.0,1.0,2,0.0,0,0,0,1,0
479,52,32,50.0,91431,2.0,0.6,1,267.0,0,0,0,0,0
480,27,2,23.0,92271,4.0,0.9,2,600.0,0,0,0,0,0
481,35,11,93.0,91047,1.0,5.4,1,174.0,0,0,0,1,0
482,60,36,126.0,94999,1.0,3.4,3,0.0,1,0,0,0,1
483,34,12,35.0,91104,1.0,0.3,2,0.0,0,0,0,1,0
484,58,34,64.0,91228,4.0,3.6,2,198.0,0,0,0,0,0
485,43,21,37.0,92782,4.0,2.0,2,431.0,0,0,0,0,0
486,33,13,39.0,92576,3.0,1.3,3,314.0,0,0,0,1,0
487,38,13,84.0,91883,1.0,3.0,3,0.0,0,1,0,1,0
488,46,25,53.0,92142,4.0,0.9,2,0.0,0,0,0,0,1
489,57,37,142.0,91770,2.0,7.1,2,0.0,0,0,0,1,0
490,50,27,42.0,95476,4.0,1.4,1,0.0,0,1,0,1,0
491,64,43,95.0,93482,2.0,0.7,3,324.0,0,0,0,1,1
492,62,37,58.0,95518,4.0,2.5,1,0.0,0,0,0,0,0
493,56,34,85.0,95920,4.0,4.9,1,0.0,1,0,0,1,0
494,50,30,43.0,93905,1.0,2.2,3,533.0,0,0,0,1,0
495,36,11,53.0,94953,3.0,1.1,3,0.0,0,0,0,0,0
496,41,18,51.0,90664,2.0,0.4,1,365.0,0,0,0,1,0
497,28,7,34.0,95696,2.0,1.9,1,0.0,0,0,0,1,1
498,39,15,79.0,92893,2.0,4.5,1,0.0,0,0,0,1,1
499,64,41,78.0,94280,3.0,2.7,2,0.0,0,1,0,0,0
500,42,22,76.0,91471,2.0,3.1,1,0.0,0,0,0,0,0
501,28,4,127.0,90573,3.0,3.9,3,116.0,0,0,0,1,0
502,52,30,121.0,95309,3.0,3.4,3,0.0,0,0,0,1,0
503,66,42,,92696,4.0,0.5,2,0.0,0,0,0,1,0
504,62,37,67.0,90830,4.0,0.7,2,0.0,0,0,0,0,0
505,35,12,39.0,93950,1.0,0.7,1,0.0,0,0,0,1,0
506,43,19,55.0,90325,4.0,2.8,1,498.0,0,0,0,1,1
507,46,25,39.0,92702,1.0,0.5,3,0.0,0,0,0,0,1
508,34,13,133.0,94226,3.0,2.3,1,0.0,0,0,0,1,0
509,35,13,67.0,94322,2.0,2.4,1,556.0,0,0,0,1,1
510,33,8,48.0,92719,3.0,0.8,1,0.0,0,0,0,1,0
511,67,44,,92219,3.0,1.5,1,0.0,0,0,0,0,1
512,56,34,17.0,95030,4.0,0.6,2,0.0,0,0,0,1,0
513,60,36,18.0,91108,2.0,0.5,2,0.0,0,0,0,0,0
514,59,34,85.0,90447,4.0,3.4,3,0.0,0,0,0,1,0
515,66,41,56.0,90941,2.0,3.1,2,0.0,0,0,0,1,0
516,27,6,63.0,94806,1.0,0.8,3,238.0,0,0,0,0,0
517,62,38,26.0,92819,2.0,1.4,1,0.0,0,0,0,0,0
518,25,2,54.0,90224,3.0,3.0,3,0.0,0,1,0,0,0
519,44,22,164.0,91012,3.0,8.3,2,0.0,0,0,0,0,0
520,49,27,86.0,90168,4.0,3.4,1,0.0,0,1,0,1,0
521,39,19,60.0,94886,1.0,2.3,3,0.0,0,0,0,0,0
522,29,8,43.0,92767,2.0,1.7,1,0.0,0,0,0,1,0
523,31,8,44.0,90408,4.0,1.9,1,0.0,0,0,0,1,0
524,60,35,17.0,91327,2.0,0.1,1,0.0,0,0,0,0,0
525,37,12,63.0,93698,1.0,3.6,1,0.0,0,0,0,0,0
526,36,15,87.0,93562,4.0,3.2,1,135.0,0,0,0,1,1
527,64,40,23.0,94915,2.0,1.1,2,0.0,0,1,0,1,0
528,29,9,38.0,90154,4.0,1.0,3,0.0,0,0,0,0,0
529,64,40,29.0,90416,4.0,0.2,1,0.0,0,0,0,1,0
530,64,42,32.0,90212,4.0,1.1,2,0.0,0,0,0,1,0
531,49,27,56.0,92364,3.0,1.8,1,0.0,0,0,0,1,0
532,30,6,17.0,94362,4.0,0.5,3,0.0,0,0,0,1,0
533,30,8,77.0,93978,4.0,1.8,1,377.0,0,0,0,1,1
534,35,11,83.0,91260,2.0,1.6,1,0.0,0,0,0,0,0
535,48,25,48.0,93943,1.0,1.6,2,0.0,0,0,0,1,0
536,29,4,14.0,93938,2.0,0.4,2,490.0,0,0,0,1,0
537,43,20,32.0,91148,3.0,1.9,3,377.0,0,0,0,0,0
538,28,7,108.0,94499,3.0,1.6,2,0.0,0,0,0,1,1
539,47,23,12.0,92533,1.0,0.3,3,0.0,0,0,0,0,0
540,23,1,45.0,90355,3.0,1.0,1,0.0,0,0,0,0,0
541,54,31,29.0,92343,1.0,1.0,1,175.0,0,0,0,0,1
542,25,5,85.0,94618,3.0,2.8,1,0.0,0,1,0,0,0
543,31,11,38.0,94177,3.0,1.5,1,0.0,0,0,0,0,0
544,30,7,68.0,91610,3.0,3.9,1,0.0,0,0,0,0,1
545,60,39,75.0,94541,2.0,1.6,2,0.0,0,0,0,0,0
546,25,0,150.0,92337,2.0,6.5,1,180.0,0,0,0,1,0
547,42,17,49.0,92761,3.0,0.3,2,0.0,0,0,0,0,1
548,49,25,67.0,90519,3.0,1.3,2,184.0,0,0,0,0,0
549,46,22,24.0,95982,4.0,0.7,2,0.0,0,0,0,1,0
550,53,30,105.0,95031,2.0,0.7,2,443.0,1,1,0,0,0
551,59,39,,91169,2.0,1.4,1,0.0,0,0,0,1,0
552,40,18,40.0,93364,2.0,1.7,1,137.0,0,0,1,1,0
553,60,38,54.0,94682,3.0,2.5,2,0.0,0,0,0,0,0
554,37,12,23.0,93027,1.0,0.8,2,0.0,0,0,0,1,0
555,67,46,62.0,91264,2.0,2.4,1,0.0,0,0,0,1,1
556,45,23,93.0,95811,1.0,2.5,1,55.0,0,0,0,1,0
557,56,34,64.0,91612,3.0,0.5,2,254.0,0,0,0,0,0
558,62,42,23.0,92007,4.0,0.2,2,0.0,0,0,0,1,1
559,58,38,51.0,92229,4.0,2.1,1,0.0,0,0,1,0,1
560,61,39,82.0,95344,2.0,4.9,2,0.0,0,0,0,0,1
561,47,27,19.0,93000,1.0,0.1,3,0.0,0,0,0,0,1
562,24,4,30.0,94318,1.0,1.1,1,0.0,0,0,0,0,0
563,45,23,88.0,95407,1.0,4.1,3,0.0,0,0,0,0,0
564,31,10,63.0,95571,4.0,3.2,1,530.0,0,1,1,1,1
565,63,40,68.0,95138,4.0,2.4,2,0.0,0,0,0,0,0
566,33,13,152.0,95446,3.0,5.9,2,0.0,1,0,0,1,0
567,33,12,71.0,95689,1.0,3.1,1,0.0,0,0,0,1,1
568,34,12,78.0,95946,1.0,4.1,3,0.0,0,0,0,1,0
569,51,26,242.0,93858,4.0,2.8,2,0.0,1,0,0,0,0
570,48,25,49.0,90790,2.0,2.7,3,0.0,0,0,0,1,0
571,65,40,35.0,90679,1.0,0.2,1,0.0,0,1,0,1,0
572,41,19,69.0,94776,1.0,3.5,3,173.0,0,1,0,1,0
573,35,13,70.0,91896,2.0,0.6,3,0.0,0,0,0,1,0
574,25,3,41.0,94826,3.0,0.6,2,0.0,0,0,0,1,1
575,23,0,31.0,95608,4.0,0.2,1,0.0,0,0,0,0,0
576,39,14,194.0,93866,2.0,5.7,2,0.0,1,0,1,1,0
577,64,39,65.0,94585,3.0,1.5,2,398.0,0,0,0,1,1
578,46,22,36.0,91673,1.0,0.5,3,154.0,0,0,0,1,1
579,63,40,90.0,92607,1.0,2.7,2,556.0,0,0,0,1,0
580,27,4,51.0,95790,1.0,1.4,1,0.0,0,0,0,0,0
581,27,2,48.0,94901,,2.3,1,54.0,0,0,0,1,0
582,60,39,74.0,91226,3.0,4.0,2,0.0,0,0,0,1,1
583,27,5,27.0,95617,4.0,1.1,3,0.0,0,1,0,0,0
584,25,0,66.0,92997,1.0,0.8,1,0.0,0,0,0,1,0
585,41,19,156.0,95063,1.0,3.3,3,378.0,0,0,0,1,1
586,64,43,71.0,93128,4.0,3.9,3,0.0,0,0,0,0,0
587,54,31,44.0,93623,1.0,0.4,1,143.0,0,0,0,0,0
588,27,6,41.0,90970,1.0,1.1,1,0.0,0,0,0,0,1
589,60,35,44.0,92031,3.0,2.5,2,244.0,0,0,0,1,1
590,60,35,47.0,94335,3.0,2.7,2,388.0,0,0,0,1,0
591,59,38,44.0,95054,1.0,1.2,1,170.0,0,0,0,1,0
592,63,40,90.0,90533,2.0,3.8,3,0.0,0,1,0,1,0
593,33,8,21.0,90461,,0.6,2,472.0,0,0,0,1,0
594,67,43,88.0,94158,2.0,4.1,3,0.0,0,0,0,0,0
595,37,16,44.0,92682,2.0,0.3,3,0.0,0,0,0,0,0
596,59,36,67.0,95091,1.0,0.9,3,0.0,0,0,0,1,0
597,49,26,29.0,90409,2.0,1.1,2,476.0,0,0,0,1,0
598,58,35,113.0,92096,,2.0,1,408.0,0,0,0,0,0
599,51,31,108.0,90212,3.0,4.5,2,0.0,1,0,1,1,0
600,51,30,93.0,94256,4.0,2.3,1,272.0,0,0,0,1,0
601,50,25,24.0,95147,1.0,1.3,2,0.0,0,0,0,1,0
602,58,37,86.0,90940,1.0,4.3,1,0.0,0,1,0,0,0
603,56,35,68.0,91943,3.0,2.2,2,0.0,0,0,0,0,0
604,29,8,23.0,95075,1.0,1.1,1,449.0,0,0,0,1,1
605,60,39,54.0,90248,3.0,1.1,1,0.0,0,0,0,1,1
606,47,27,67.0,95712,4.0,2.2,1,210.0,0,1,0,0,0
607,37,15,74.0,95321,2.0,1.2,2,0.0,0,0,0,1,0
608,46,21,60.0,90916,3.0,3.1,3,318.0,0,0,0,0,1
609,66,46,64.0,90833,3.0,3.2,1,0.0,0,0,1,1,0
610,61,40,123.0,94151,1.0,6.7,3,0.0,1,0,0,0,1
611,60,40,107.0,90060,4.0,5.7,3,556.0,0,1,0,0,0
612,43,20,11.0,93034,1.0,0.6,1,512.0,0,1,0,0,0
613,58,37,46.0,90395,4.0,0.8,2,534.0,0,0,0,1,0
614,40,16,50.0,93188,3.0,2.8,1,396.0,0,0,0,0,0
615,53,30,21.0,92101,1.0,0.8,1,399.0,0,0,1,1,0
616,51,27,58.0,94238,3.0,1.6,2,0.0,0,0,0,1,1
617,34,11,109.0,95284,1.0,3.9,1,0.0,0,0,0,1,0
618,34,12,30.0,92932,3.0,0.7,3,227.0,0,0,0,0,0
619,25,0,66.0,93850,4.0,1.4,3,0.0,0,0,0,1,0
620,29,7,33.0,93601,4.0,0.6,3,64.0,0,0,0,0,1
621,42,17,38.0,95909,4.0,0.4,2,0.0,0,0,1,1,0
622,44,19,123.0,91385,2.0,4.0,2,518.0,1,0,0,1,0
623,30,7,41.0,91433,3.0,2.2,3,0.0,0,0,0,1,0
624,41,17,70.0,92271,2.0,2.8,1,0.0,0,0,0,0,0
625,50,29,20.0,94420,4.0,0.7,1,388.0,0,0,0,1,1
626,33,9,152.0,95191,2.0,4.3,2,159.0,1,0,0,1,0
627,38,14,76.0,91668,,2.3,1,0.0,0,0,0,1,0
628,39,14,49.0,90659,2.0,0.8,1,0.0,0,0,0,1,1
629,45,24,75.0,93651,3.0,3.8,1,0.0,0,0,0,1,0
630,39,15,25.0,93585,1.0,0.4,2,0.0,0,1,0,1,0
631,56,34,105.0,92248,3.0,4.7,1,0.0,0,0,0,1,0
632,37,16,46.0,91105,1.0,2.2,1,0.0,0,0,0,0,1
633,42,21,49.0,95099,1.0,1.8,1,0.0,0,0,0,1,0
634,40,17,42.0,95079,2.0,2.2,1,0.0,0,0,0,1,0
635,31,10,40.0,94485,2.0,0.8,3,0.0,0,1,0,1,1
636,53,33,80.0,93474,3.0,4.3,1,599.0,0,1,0,1,0
637,33,11,63.0,91568,2.0,2.8,2,0.0,0,0,0,0,0
638,36,13,78.0,92418,1.0,3.8,3,507.0,0,0,0,1,0
639,58,37,54.0,90410,2.0,2.2,1,138.0,0,0,0,1,0
640,65,40,72.0,91498,2.0,3.7,3,0.0,0,0,0,0,0
641,53,29,43.0,92702,3.0,2.6,2,174.0,0,1,0,1,1
642,64,41,186.0,92621,3.0,5.2,2,282.0,1,0,0,0,0
643,61,36,23.0,90482,1.0,1.1,1,357.0,0,0,0,0,1
644,44,22,109.0,95745,3.0,5.0,1,0.0,0,0,0,1,0
645,57,37,116.0,91609,3.0,3.5,3,0.0,1,0,0,1,0
646,37,17,34.0,93055,4.0,1.9,3,201.0,0,0,0,1,0
647,43,18,186.0,92791,3.0,5.0,3,352.0,1,0,0,1,0
648,47,22,94.0,92816,4.0,3.4,3,0.0,0,0,0,1,0
649,66,42,93.0,95070,1.0,1.0,1,0.0,0,0,0,1,0
650,61,41,55.0,94477,3.0,1.0,3,81.0,0,0,0,1,1
651,45,24,48.0,95205,1.0,2.5,2,0.0,0,0,0,1,1
652,52,32,49.0,92274,1.0,1.3,3,0.0,0,0,0,1,0
653,32,12,68.0,91590,4.0,1.8,1,216.0,0,0,0,0,0
654,59,38,118.0,92564,2.0,2.2,1,0.0,0,0,0,0,0
655,47,24,60.0,93368,3.0,1.9,3,0.0,0,0,0,1,1
656,46,26,33.0,92021,3.0,1.6,3,0.0,0,0,0,0,0
657,57,32,86.0,92760,3.0,4.7,2,0.0,0,0,0,1,0
658,51,29,91.0,90905,1.0,0.8,1,0.0,0,1,0,0,0
659,26,5,78.0,93503,1.0,2.9,1,0.0,0,0,0,1,0
660,35,12,82.0,94282,1.0,2.5,3,0.0,0,0,0,0,0
661,30,6,47.0,93162,4.0,1.8,2,0.0,0,0,0,1,0
662,56,35,33.0,95238,1.0,1.0,2,0.0,0,0,0,1,0
663,24,4,34.0,95974,3.0,0.9,2,0.0,0,0,0,0,0
664,32,12,22.0,95433,2.0,0.7,1,0.0,0,0,0,1,0
665,49,24,62.0,90557,1.0,2.3,2,591.0,0,0,0,1,0
666,54,34,52.0,95284,2.0,1.7,2,173.0,0,0,0,0,1
667,45,22,43.0,92002,1.0,1.3,3,0.0,0,0,0,0,0
668,61,39,11.0,92710,1.0,0.5,3,0.0,0,1,0,0,1
669,64,40,27.0,92471,1.0,1.2,3,242.0,0,0,1,0,0
670,28,8,101.0,91704,4.0,2.4,2,0.0,0,1,1,0,1
671,65,40,38.0,95263,3.0,1.9,2,146.0,0,0,0,1,1
672,50,26,67.0,93827,4.0,3.5,2,0.0,0,0,0,0,0
673,51,29,25.0,95801,2.0,0.3,3,0.0,0,0,0,0,1
674,27,6,120.0,95728,1.0,4.4,2,78.0,0,0,0,0,0
675,50,25,50.0,92518,3.0,1.0,2,0.0,0,0,0,1,1
676,55,34,64.0,94362,4.0,2.9,3,277.0,1,0,0,1,0
677,49,27,196.0,93014,3.0,3.6,2,0.0,1,0,0,0,0
678,26,4,126.0,92969,1.0,5.3,3,279.0,1,0,0,1,0
679,46,25,46.0,94437,2.0,0.9,1,0.0,0,0,0,1,1
680,65,43,39.0,94132,4.0,1.3,2,0.0,0,0,0,0,1
681,55,35,46.0,95470,3.0,2.6,2,277.0,0,0,0,1,0
682,29,9,72.0,94635,4.0,1.9,1,467.0,0,0,0,1,1
683,66,45,52.0,93732,3.0,2.8,3,239.0,0,0,0,1,1
684,66,46,44.0,95515,1.0,2.6,2,0.0,0,0,0,1,0
685,30,8,122.0,90614,4.0,6.5,1,0.0,1,0,0,0,0
686,59,34,51.0,94579,4.0,0.7,3,0.0,0,0,0,1,0
687,41,21,193.0,92353,3.0,9.7,3,0.0,1,0,0,1,0
688,49,29,57.0,92599,4.0,0.4,3,0.0,0,0,0,1,0
689,43,23,146.0,94690,1.0,3.9,1,0.0,0,0,1,1,1
690,58,35,66.0,91641,4.0,3.5,3,0.0,0,0,0,1,0
691,67,46,93.0,95301,1.0,4.0,1,0.0,0,0,0,1,0
692,58,36,37.0,92999,4.0,1.3,2,0.0,0,0,0,1,0
693,64,44,34.0,92094,1.0,0.9,1,0.0,0,0,1,1,0
694,65,44,70.0,91969,3.0,3.5,2,0.0,0,0,0,1,0
695,27,5,94.0,92525,4.0,4.1,3,504.0,0,0,1,1,0
696,34,12,56.0,95656,1.0,1.7,2,298.0,0,0,0,1,0
697,55,32,27.0,90615,1.0,1.5,2,0.0,0,0,0,1,0
698,49,25,,93047,4.0,0.5,3,208.0,0,0,0,1,0
699,25,3,25.0,95010,1.0,0.4,2,0.0,0,0,0,1,1
700,27,2,21.0,92832,3.0,0.8,1,0.0,0,0,0,1,0
701,46,23,58.0,93396,4.0,3.4,3,0.0,0,1,1,0,0
702,50,29,101.0,92089,3.0,1.9,2,0.0,0,0,0,1,0
703,30,9,54.0,90817,2.0,1.0,3,464.0,0,0,0,0,0
704,30,9,16.0,93836,2.0,0.2,3,0.0,0,0,0,0,1
705,28,5,49.0,95519,3.0,2.6,3,114.0,0,0,0,1,0
706,48,27,50.0,93120,3.0,0.9,3,0.0,0,0,1,1,1
707,23,0,173.0,92592,3.0,5.7,2,0.0,0,0,0,1,1
708,48,26,24.0,90774,,1.4,1,0.0,0,0,0,1,0
709,44,19,44.0,95668,3.0,0.2,2,0.0,0,0,0,1,0
710,43,19,140.0,95215,3.0,5.0,3,0.0,1,0,0,1,0
711,53,31,70.0,95411,3.0,2.3,2,0.0,0,0,0,0,1
712,46,25,74.0,92154,1.0,3.7,3,0.0,1,0,0,1,0
713,55,31,58.0,93751,3.0,1.4,1,0.0,0,1,0,0,0
714,57,36,65.0,92595,3.0,1.8,1,355.0,0,0,0,0,0
715,64,43,84.0,91407,1.0,1.2,2,354.0,0,0,0,1,0
716,58,33,35.0,91234,4.0,1.6,2,0.0,0,1,0,0,0
717,46,24,88.0,92303,3.0,4.2,1,292.0,0,0,0,0,0
718,45,25,26.0,93320,2.0,0.3,1,0.0,0,0,0,1,0
719,33,11,65.0,90732,3.0,1.7,3,0.0,0,0,0,1,1
720,49,27,60.0,94212,3.0,3.2,2,0.0,0,0,0,1,0
721,29,4,39.0,92746,3.0,0.2,1,215.0,0,0,0,1,0
722,64,40,54.0,95286,2.0,1.2,1,0.0,0,0,0,1,0
723,61,40,39.0,91672,4.0,1.4,2,171.0,0,0,0,1,1
724,28,8,30.0,90309,4.0,0.7,1,0.0,0,0,0,1,0
725,58,35,45.0,91872,1.0,0.9,2,0.0,0,0,0,0,1
726,28,8,30.0,95839,3.0,0.9,3,325.0,0,0,0,1,0
727,55,34,65.0,91931,1.0,1.0,1,80.0,0,0,0,1,1
728,26,6,29.0,94222,2.0,1.0,2,72.0,0,0,0,1,0
729,44,24,81.0,95059,4.0,3.6,1,0.0,0,0,0,0,0
730,52,27,29.0,91705,1.0,1.1,1,0.0,0,0,0,0,0
731,55,35,40.0,93855,2.0,0.4,3,392.0,0,0,0,1,1
732,41,21,39.0,91226,1.0,2.0,2,360.0,0,0,0,0,1
733,64,39,113.0,92173,3.0,1.7,3,0.0,1,0,0,1,0
734,57,36,65.0,91776,2.0,3.1,1,561.0,0,0,0,0,0
735,32,8,49.0,94034,3.0,1.2,1,0.0,0,0,0,1,0
736,53,33,72.0,95254,4.0,3.5,2,0.0,0,0,0,1,0
737,55,35,17.0,91514,3.0,0.3,2,0.0,0,0,0,0,0
738,38,18,53.0,91748,3.0,0.8,3,0.0,0,0,0,0,0
739,56,32,164.0,94925,1.0,5.3,1,0.0,1,0,0,0,0
740,63,40,59.0,92776,1.0,0.4,3,0.0,0,0,0,1,0
741,59,37,57.0,93078,4.0,1.0,3,412.0,0,0,0,0,1
742,57,36,74.0,94234,4.0,3.3,2,98.0,0,0,0,1,0
743,51,31,89.0,90825,3.0,4.5,1,0.0,0,1,0,0,0
744,35,12,18.0,95231,2.0,0.2,2,170.0,0,0,0,0,0
745,58,37,,92191,1.0,1.2,1,0.0,0,0,0,1,0
746,39,16,61.0,93951,4.0,3.0,3,0.0,0,0,0,1,0
747,46,22,37.0,92593,4.0,2.0,2,0.0,0,0,0,1,0
748,37,12,112.0,94518,1.0,4.9,3,374.0,1,1,0,1,0
749,37,15,46.0,93669,3.0,1.9,2,0.0,0,0,0,1,0
750,30,10,19.0,91039,3.0,0.6,2,0.0,0,0,1,1,0
751,66,45,27.0,91127,2.0,1.1,3,595.0,1,0,0,1,0
752,29,4,12.0,95264,4.0,0.7,2,0.0,0,0,0,1,0
753,26,3,48.0,93117,1.0,0.5,3,0.0,0,0,0,1,0
754,65,42,49.0,91654,2.0,1.1,1,0.0,0,0,0,0,0
755,47,25,43.0,90859,1.0,0.4,3,0.0,0,1,0,1,0
756,42,22,99.0,90770,,5.6,3,453.0,1,0,0,1,0
757,56,31,106.0,95519,3.0,3.1,3,0.0,0,0,0,0,0
758,40,16,50.0,95857,4.0,2.1,2,0.0,0,0,0,0,1
759,28,3,17.0,92360,3.0,0.9,3,118.0,0,0,0,1,0
760,55,30,77.0,91209,1.0,4.6,1,0.0,0,0,0,1,0
761,30,9,74.0,92513,2.0,1.0,3,444.0,0,0,0,1,0
762,47,26,65.0,90819,1.0,3.2,1,394.0,0,0,0,0,0
763,65,44,94.0,93297,3.0,5.1,1,0.0,0,0,0,0,0
764,65,40,29.0,93756,3.0,0.2,2,76.0,0,0,0,0,1
765,39,16,165.0,95911,4.0,7.7,1,0.0,0,0,0,0,0
766,58,36,32.0,91913,2.0,0.8,1,77.0,0,0,0,1,0
767,50,25,82.0,91186,2.0,3.3,3,0.0,0,0,0,1,0
768,44,21,22.0,90800,1.0,0.7,1,52.0,0,1,1,0,0
769,29,4,33.0,92263,2.0,0.6,3,0.0,0,1,0,0,0
770,39,14,126.0,93606,2.0,1.6,1,341.0,0,0,0,1,0
771,52,32,47.0,90399,4.0,0.5,3,0.0,0,0,0,1,1
772,67,45,87.0,94553,4.0,0.9,3,262.0,0,0,0,1,0
773,23,0,62.0,92760,1.0,2.5,1,52.0,0,0,0,0,0
774,55,31,52.0,94759,2.0,1.3,3,0.0,0,0,1,1,1
775,61,41,116.0,92781,3.0,2.0,3,0.0,0,0,0,0,1
776,65,44,48.0,90933,2.0,2.1,3,0.0,0,0,0,1,1
777,42,19,21.0,90128,1.0,0.9,1,62.0,0,0,1,0,0
778,28,4,35.0,93341,4.0,1.2,2,342.0,0,0,1,0,0
779,35,15,74.0,93236,3.0,4.2,3,0.0,0,0,0,1,1
780,61,38,68.0,94882,3.0,1.8,1,0.0,0,0,0,0,0
781,62,41,23.0,95263,2.0,1.2,3,385.0,0,0,0,0,1
782,51,30,37.0,90966,4.0,0.3,1,0.0,0,0,1,0,0
783,28,5,40.0,91888,1.0,1.8,3,0.0,0,0,0,1,1
784,28,6,45.0,91246,2.0,2.7,1,0.0,0,0,0,0,0
785,44,21,26.0,90640,4.0,1.3,1,0.0,0,0,0,1,0
786,49,28,39.0,90014,4.0,1.4,3,0.0,0,1,0,1,0
787,24,0,37.0,90493,2.0,1.5,3,294.0,0,0,0,1,0
788,53,33,83.0,93147,3.0,2.0,3,0.0,0,0,0,0,0
789,47,22,85.0,90911,1.0,3.6,3,464.0,0,0,0,1,1
790,23,3,50.0,91168,1.0,2.4,2,0.0,0,0,1,1,0
791,27,3,44.0,90707,2.0,2.6,1,0.0,0,0,0,1,0
792,43,21,59.0,94345,4.0,1.9,1,0.0,0,0,0,1,0
793,55,33,35.0,93814,3.0,0.3,2,144.0,0,0,0,1,0
794,60,40,29.0,95773,2.0,1.1,1,303.0,0,1,0,1,0
795,42,18,33.0,90668,2.0,0.4,3,0.0,0,0,0,0,0
796,36,16,39.0,91252,1.0,0.7,1,0.0,0,0,0,1,1
797,66,43,29.0,92734,2.0,0.7,1,0.0,0,0,0,1,0
798,43,19,60.0,93894,1.0,2.7,1,0.0,0,0,0,0,0
799,37,12,82.0,90780,1.0,1.2,1,0.0,0,0,0,0,1
800,42,18,23.0,91271,3.0,0.3,1,90.0,0,0,0,0,0
9,32,10,56.0,93243,3.0,2.2,2,51.0,0,0,0,1,1
511,67,44,,92219,3.0,1.5,1,0.0,0,0,0,0,1
176,43,22,45.0,93225,4.0,0.6,1,0.0,0,0,0,0,1
736,53,33,72.0,95254,4.0,3.5,2,0.0,0,0,0,1,0
243,27,5,41.0,91998,4.0,1.1,2,0.0,0,0,0,0,1
765,39,16,165.0,95911,4.0,7.7,1,0.0,0,0,0,0,0
541,54,31,29.0,92343,1.0,1.0,1,175.0,0,0,0,0,1
431,26,2,26.0,93916,1.0,1.6,3,0.0,0,0,0,0,0
85,51,27,64.0,90328,1.0,3.5,3,0.0,0,0,0,1,0
643,61,36,23.0,90482,1.0,1.1,1,357.0,0,0,0,0,1
